ID,Name,Special Notes,Last Name,Given Name,Alternate Name,Country,Region,Source,Gender,Bibliography,Authority,Notes
ap.per.00227,Aliyah Abdul-Salaam ,~,Abdul-Salaam,Aliyah,,Egypt,Northern Africa,Index,,,,"(maybe, no books?)"
ap.per.00237,Fathi Abdullah,*,Abdullah,Fathi,,Egypt,Northern Africa,Index,,,,
ap.per.00228,Yasser Abdullatif,*,Abdullatif,Yasser,,Egypt,Northern Africa,Index,,,,
ap.per.00336,Lionel Abrahams,*,Abrahams,Lionel,,South Africa,Southern Africa,Index,,,,
ap.per.00075,Catherine Acholonu,,Acholonu,Catherine,Obianuju,Nigeria,Western Africa,Anthology,F,,, (blue African anthology)
ap.per.00099,Kobena Eyi Acquah,,Acquah,Kobena Eyi,,Ghana,Western Africa,Anthology,F,,,
ap.per.00137,Mussa Mohammed Adem,,Adem,Mussa Mohammed,,Eritrea,Eastern Africa,Anthology,M,,,
ap.per.00059,Patience Agbabi,,Agbabi,Patience,,Nigeria,Western Africa,Anthology,F,,,
ap.per.00019,Sarah Anyang Agbor,*,Agbor,Sarah Anyang,,Cameroon,Middle Africa,Index,F,,,
ap.per.00096,Ama Ata Aidoo,,Aidoo,Ama Ata,Christina,Ghana,Western Africa,Anthology,F,,,
ap.per.00012,Nol Alembong,,Alembong,Nol,,Cameroon,Middle Africa,Anthology,M,,,
ap.per.00174,Sahro Ali,,Ali,Sahro,,Somalia,Eastern Africa,Anthology,F,,,
ap.per.00011,Viola Allo,,Allo,Viola,,Cameroon,Middle Africa,Anthology,F,,,
ap.per.00014,Fernando D’Almeida,,D'Almeida,Fernando,,Cameroon,Middle Africa,Anthology,M,,,
ap.per.00074,Ifi Amadiume,,Amadiume,Ifi,,Nigeria,Western Africa,Anthology,F,,,
ap.per.00381,Julia Shalongo-Shandje Ndinelago Amukoshi,*,Amukoshi,Julia Shalongo-Shandje Ndinelago,,Namibia,Southern Africa,Index,,,,
ap.per.00154,Jared Angira,*,Angira,Jared,,Kenya,Eastern Africa,Index,M,,,
ap.per.00061,Abonyi Animashon,,Animashon,Abonyi,,Nigeria,Western Africa,Anthology,M,,,
ap.per.00101,Ishmael Fifi Annobil,,Annobil,Ishmael Fifi,,Ghana,Western Africa,Anthology,M,,,
ap.per.00097,Kofi Anyidoho,,Anyidoho,Kofi,born George Kofi Nyidevu Awoonor-Williams,Ghana,Western Africa,Anthology,M,,,
ap.per.00017,Joyce Ashuntantang,*,Ashuntantang,Joyce,,Cameroon,Middle Africa,Index,F,,,
ap.per.00255,Malika El Assimi,*,El Assimi,Malika,,Morocco,Northern Africa,Index,,,,
ap.per.00261,Boujem El Auofi,*,El Auofi,Boujem,,Morocco,Northern Africa,Index,,,,
ap.per.00280,Bahia Mahmud Awah,*,Awah,Bahia Mahmud,,Western Sahara,Northern Africa,Index,,,,
ap.per.00102,Kofi Awoonor,,Awoonor,Kofi,,Ghana,Western Africa,Anthology,M,,,
ap.per.00229,Bahaa Awwad,*,Awwad,Bahaa,,Egypt,Northern Africa,Index,,,,
ap.per.00115,Iyamade Azeli,*,Azeli,Iyamade,,Sierra Leone,Western Africa,Index,F,,,(CHECK SPELLING)
ap.per.00060,Unoma Nguemo Azuah,,Azuah,Unoma Nguemo,,Nigeria,Western Africa,Anthology,F,,,
ap.per.00262,Mohamed Bachkar,*,Bachkar,Mohamed,,Morocco,Northern Africa,Index,,,,
ap.per.00307,Gabeba Baderoon,*,Baderoon,Gabeba,,South Africa,Southern Africa,Index,,,,
ap.per.00256,Amina El Bakouri,*,Bakouri,Amina,,Morocco,Northern Africa,Index,,,,
ap.per.00314,Shabbir Banoobhai,*,Banoobhai,Shabbir,,South Africa,Southern Africa,Index,,,,
ap.per.00263,Ahmed Barakat,*,Barakat,Ahmed,,Morocco,Northern Africa,Index,,,,
ap.per.00178,Mildred Barya,,Barya,Mildred,Kiconco,Uganda,Eastern Africa,Anthology,F,,,
ap.per.00172,Samiya Bashir,,Bashir,Samiya,,Somalia,Eastern Africa,Anthology,F,,,
ap.per.00041,Olinda Beja,*,Beja,Olinda,,Sao Tome & Principe,Middle Africa,Index,F,,,
ap.per.00279,Tahar Bekri,*,Bekri,Tahar,,Tunisia,Northern Africa,Index,,,,
ap.per.00210,Mustapha Benfodil,*,Benfodil,Mustapha,,Algeria,Northern Africa,Index,,,,
ap.per.00257,Ouidad Benmoussa,*,Benmoussa,Ouidad,,Morocco,Northern Africa,Index,,,,
ap.per.00245,Mohammed Bennis,,Bennis,Mohammed,,Morocco,Northern Africa,Anthology,,,,
ap.per.00248,Mohammed Bentalha,*,Bentalha,Mohammed,,Morocco,Northern Africa,Index,,,,
ap.per.00288,Robert Berwold,,Berwold,Robert,,South Africa,Southern Africa,Anthology,,,,
ap.per.00013,Bate Besong,,Besong,Bate,,Cameroon,Middle Africa,Anthology,M,,,
ap.per.00340,Vonani Bila,*,Bila,Vonani,,South Africa,Southern Africa,Index,,,,
ap.per.00356,Amanda Biliei,*,Biliei,Amanda,,South Africa,Southern Africa,Index,,,,
ap.per.00180,Julianne Okot Bitek,,Bitek,Julianne Okot,,Uganda,Eastern Africa,Anthology,F,,,
ap.per.00282,Limam Boicha,*,Boicha,Limam,,Western Sahara,Northern Africa,Index,,,,
ap.per.00055,Juan Balboa Boneke,*,Boneke,Juan Balboa,,"Congo, Democratic Republic Of",Middle Africa,Index,M,,,
ap.per.00052,Rais Neza Boneza ,*,Boneza,Raïs Neza,,"Congo, Democratic Republic Of",Middle Africa,Index,M,,,
ap.per.00273,Kola Boof,,Boof,Kola,,Sudan,Northern Africa,Anthology,,,,
ap.per.00325,Nadine Botha,*,Botha,Nadine,,South Africa,Southern Africa,Index,,,,
ap.per.00264,Mohamed Boudouik,*,Boudouik,Mohamed,,Morocco,Northern Africa,Index,,,,
ap.per.00104,Kwesi Brew,,Brew,Kwesi,Osborne Henry ,Ghana,Western Africa,Anthology,M,,,
ap.per.00344,Breyten Breytenbach,*,Breytenbach,Breyten,,South Africa,Southern Africa,Index,,,,
ap.per.00302,Dennis Brutus,,Brutus,Dennis,Vincent,South Africa,Southern Africa,Anthology,,,,
ap.per.00098,Victoria Bulley,,Bulley,Victoria,Adukwei,Ghana,Western Africa,Anthology,F,,,
ap.per.00105,Abena Busia ,,Busia,Abena,,Ghana,Western Africa,Anthology,F,,,
ap.per.00020,Bole Butake,*,Butake,Bole,,Cameroon,Middle Africa,Index,M,,,
ap.per.00001,Ruy Duarte de Carvalho,,de Carvalho,Ruy Duarte,Ruy Alberto Duarte Gomes de Carvalho,Angola,Middle Africa,Anthology,M,"You wake longing to know what happened
Sign
The Children
Saltpeter Sores
Pastoral Song
In the Words of Musurukutu",http://viaf.org/viaf/7385318,
ap.per.00275,Leila Chatti,,Chatti,Leila,,Tunisia,Northern Africa,Anthology,,,,
ap.per.00203,Hamida Chellali,,Chellali,Hamida,,Algeria,Northern Africa,Anthology,,,,
ap.per.00161,Steve Chimombo,,Chimombo,Steve,Bernard Miles,Malawi,Eastern Africa,Anthology,M,,,
ap.per.00195,Julius Chingono,*,Chingono,Julius,,Zimbabwe,Eastern Africa,Index,M,,,
ap.per.00184,Kayombo Chingonyi,,Chingonyi,Kayombo,,Zambia,Eastern Africa,Anthology,M,,,
ap.per.00160,Frank Chipasula,,Chipasula,Frank,,Malawi,Eastern Africa,Anthology,M,,,
ap.per.00163,Stella P Chipasula,*,Chipasula,Stella P,,Malawi,Eastern Africa,Index,F,,,
ap.per.00187,Chirikure Chirikure,,Chirikure,Chirikure,,Zimbabwe,Eastern Africa,Anthology,M,,,
ap.per.00294,Yvette Christiansë ,,Christiansë,Yvette,,South Africa,Southern Africa,Anthology,,,,
ap.per.00076,JP Clark,,Clark,JP,John Pepper Clark-Bekederemo,Nigeria,Western Africa,Anthology,M,,,
ap.per.00113,Syl Cheney-Coker,,Cheney-Coker,Syl,Cheney,Sierra Leone,Western Africa,Anthology,M,,,
ap.per.00320,Michael Cope,*,Cope,Michael,,South Africa,Southern Africa,Index,,,,
ap.per.00301,Jeremy Cronin,,Cronin,Jeremy,,South Africa,Southern Africa,Anthology,,,,
ap.per.00077,Mary-Alice Daniel,,Daniel,Mary-Alice,,Nigeria,Western Africa,Anthology,F,,,
ap.per.00370,TJ Dema,,Dema,TJ,Tjawangwa,Botswana,Southern Africa,Anthology,,,,
ap.per.00367,Gail Dendy,*,Dendy,Gail,,South Africa,Southern Africa,Index,,,,
ap.per.00147,Solomon Deressa,*,Deressa,Solomon,,Madagascar,Eastern Africa,Index,M,,,
ap.per.00120,Koumanthio Zeinab Diallo ,*,Diallo,Kumanthio Zeinab,,Guinea,Western Africa,Index,F,,,2 books/ Blue modern African anthology
ap.per.00223,Osama El-Dinosauri,*,El-Dinosauri,Osama,,Egypt,Northern Africa,Index,,,,
ap.per.00386,Mbella Sonne Dipoko,,Dipoko,Mbella Sonne,,Cameroon,Middle Africa,Anthology,M,,,
ap.per.00285,Isobel Dixon,,Dixon,Isobel,,South Africa,Southern Africa,Anthology,,,,
ap.per.00042,Nimrod Ben Djangrang,,Djangrang,Nimrod Ben,,Chad,Middle Africa,Anthology,M,,,
ap.per.00209,Mourad Djebel,*,Djebel,Mourad,,Algeria,Northern Africa,Index,,,,
ap.per.00095,Beatrice Djedja,*,Djedja,Beatrice,,Cote d’Ivoire,Western Africa,Index,F,,,
ap.per.00334,Angifi Dladla,*,Dladla,Angifi,Proctor,South Africa,Southern Africa,Index,,,,
ap.per.00021,Emmanuel Fru Doh,*,Doh,Emmanuel Fru,,Cameroon,Middle Africa,Index,M,,,
ap.per.00306,Finuala Dowling,*,Dowling,Finuala,,South Africa,Southern Africa,Index,,,,
ap.per.00363,Clinton V. Du Plessis,*,Du Plessis,Clinton V.,Vivian,South Africa,Southern Africa,Index,,,,
ap.per.00015,Christmas Atem Ebini,,Ebini,Christmas Atem,,Cameroon,Middle Africa,Anthology,M,,,
ap.per.00281,Mohammed Ebnu,*,Ebnu,Mohammed,,Western Sahara,Northern Africa,Index,,,,
ap.per.00072,Amatoritsero Ede,,Ede,Amatoritsero,"""Godwin""",Nigeria,Western Africa,Anthology,M,,,
ap.per.00062,Victor Ehikhamenor,,Ehikhamenor,Victor,Ehighale,Nigeria,Western Africa,Anthology,M,,,
ap.per.00274,Safia Elhillo,,Elhillo,Safia,,Sudan,Northern Africa,Anthology,,,,
ap.per.00079,Inua Ellams,,Ellams,Inua,,Nigeria,Western Africa,Anthology,M,,,
ap.per.00380,Hugh Ellis,*,Ellis,Hugh,,Namibia,Southern Africa,Index,,,,
ap.per.00131,Idris Yusuf Elmi,*,Elmi,Idris Yusuf,,Djibouti,Eastern Africa,Index,M,,,
ap.per.00186,John Eppel,,Eppel,John,,Zimbabwe,Eastern Africa,Anthology,M,,,
ap.per.00242,Ashur Etwebi,,Etwebi,Ashur,,Libya,Northern Africa,Anthology,,,,
ap.per.00239,Safaa Fathy,*,Fathy,Safaa,,Egypt,Northern Africa,Index,,,,—waiting for more work
ap.per.00118,Corsino António Fortes,,Fortes,Corsino António,,Cape Verde,Western Africa,Anthology,M,,,
ap.per.00236,Imad Fouad,*,Fouad,Imad,,Egypt,Northern Africa,Index,,,,
ap.per.00366,Sheila Meiring Fugard,*,Fugard,Sheila Meiring,,South Africa,Southern Africa,Index,,,,
ap.per.00232,Magdy El-Gabry,*,El-Gabry,Magdy,,Egypt,Northern Africa,Index,,,,
ap.per.00150,Clifton Gachagua,,Gachagua,Clifton,,Kenya,Eastern Africa,Anthology,M,,,
ap.per.00308,Genna Gardini,*,Gardini,Genna,,South Africa,Southern Africa,Index,,,,
ap.per.00322,Dawn Garisch,*,Garisch,Dawn,,South Africa,Southern Africa,Index,,,,
ap.per.00087,Harry Garuba,*,Garuba,Harry,,Nigeria,Western Africa,Index,M,,,
ap.per.00138,Aracelis Girmay,,Girmay,Aracelis,,Eritrea,Eastern Africa,Anthology,F,,,
ap.per.00145,Assefa GMT,*,GMT,Assefa,,Ethiopia,Eastern Africa,Index,M,,,
ap.per.00022,Werewere-Liking Gnepo,*,Gnepo,Werewere-Liking,,Cameroon,Middle Africa,Index,F,,,
ap.per.00310,Keith Gottschalk,*,Gottschalk,Keith,,South Africa,Southern Africa,Index,,,,
ap.per.00342,Stephen Gray,*,Gray,Stephen,,South Africa,Southern Africa,Index,,,,
ap.per.00094,Josué Guébo,,Guébo,Josué,Yoroba,Cote d’Ivoire,Western Africa,Anthology,M,,,
ap.per.00339,Mafika Pascal Gwala,*,Gwala,Mafika Pascal,,South Africa,Southern Africa,Index,,,,
ap.per.00023,Gahlia Njogoh Gwangwa,*,Gwangwa,Gahlia Njogoh,,Cameroon,Middle Africa,Index,M,,,
ap.per.00330,Dorian Haarhoff,*,Haarhoff,Dorian,,South Africa,Southern Africa,Index,,,,
ap.per.00133,Isman Omar Hachi,*,Hachi,Isman Omar,,Djibouti,Eastern Africa,Index,M,,,
ap.per.00136,Reesom Haile,,Haile,Reesom,,Eritrea,Eastern Africa,Anthology,M,,,
ap.per.00176,Haji Gora Haji,*,Haji,Haji Gora,,Tanzania,Eastern Africa,Index,M,,,
ap.per.00338,Megan Hall,*,Hall,Megan,,South Africa,Southern Africa,Index,,,,
ap.per.00346,Joan Hambidge,*,Hambidge,Joan,Helene,South Africa,Southern Africa,Index,,,,
ap.per.00360,Geoffrey Haresnape,*,Haresnape,Geoffrey,,South Africa,Southern Africa,Index,,,, (Loka will look for more)
ap.per.00231,Youssri Hassaan,*,Hassaan,Youssri,,Egypt,Northern Africa,Index,,,,
ap.per.00316,Vernon Head,*,Head,Vernon,,South Africa,Southern Africa,Index,,,,
ap.per.00347,Peter Horn,*,Horn,Peter,Rudolf Gisela,South Africa,Southern Africa,Index,,,,
ap.per.00108,Naana Banyiwa Horne,*,Horne,Naana Banyiwa,,Ghana,Western Africa,Index,F,,,
ap.per.00365,Allan Kolski Horwitz,*,Horwitz,Allan Kolski,,South Africa,Southern Africa,Index,,,,
ap.per.00188,Chenjerai Hove,,Hove,Chenjerai,,Zimbabwe,Eastern Africa,Anthology,M,,,
ap.per.00216,Hoda Hussein,,Hussein,Hoda,,Egypt,Northern Africa,Anthology,,,,
ap.per.00066,Ogaga Ifowodo,,Ifowodo,Ogaga,,Nigeria,Western Africa,Anthology,M,,,
ap.per.00110,Mawuli Ijadjei ,*,Ijadjei,Mawuli,,Ghana,Western Africa,Index,M,,,
ap.per.00091,Tade Ipadeola,*,Ipadeola,Tade,,Nigeria,Western Africa,Index,M,,,
ap.per.00140,Angessom Isaak,*,Isaak,Angessom,,Eritrea,Eastern Africa,Index,M,,,
ap.per.00243,Faraj Bou al-Isha,*,al-Isha,Faraj Bou,,Libya,Northern Africa,Index,,,,
ap.per.00134,Ali Moussa Iye,*,Iye,Ali Moussa,,Djibouti,Eastern Africa,Index,M,,,
ap.per.00141,Ararat Iyob,*,Iyob,Ararat,,Ethiopia,Eastern Africa,Anthology,F,,,
ap.per.00192,Tsitsi Jaji,,Jaji,Tsitsi,Ella,Zimbabwe,Eastern Africa,Anthology,F,,,
ap.per.00244,Tahar Ben Jelloun ,,Jelloun,Tahar Ben,,Morocco,Northern Africa,Anthology,,,,
ap.per.00348,Liesl Jobson,*,Jobson,Liesl,,South Africa,Southern Africa,Index,,,,
ap.per.00349,Sarah Johnson,*,Johnson,Sarah,,South Africa,Southern Africa,Index,,,,
ap.per.00266,Ahmed Joumari,*,Joumari,Ahmed,,Morocco,Northern Africa,Index,,,,
ap.per.00047,Mukula Kadmi-Nzuji ,,Kadmi-Nzuji,Mukula,Dieudonné,"Congo, Democratic Republic Of",Middle Africa,Anthology,M,,,
ap.per.00383,Kavevangua Kahengua,*,Kahengua,Kavevangua,,Namibia,Southern Africa,Index,,,,
ap.per.00218,Pauline Kaldas,,Kaldas,Pauline,,Egypt,Northern Africa,Anthology,,,,
ap.per.00063,Uchechi Kalu,,Kalu,Uchechi,,Nigeria,Western Africa,Anthology,F,,,
ap.per.00086,Pete Kalu,*,Kalu,Pete,,Nigeria,Western Africa,Index,M,,,
ap.per.00051,Kama Sywor Kamanda,*,Kamanda,Kama Sywor,,"Congo, Democratic Republic Of",Middle Africa,Index,M,,,
ap.per.00295,Ronelda Kamfer,,Kamfer,Ronelda,,South Africa,Southern Africa,Anthology,,,,
ap.per.00116,Amadou Lamine Kane,*,Kane,Amadou Lamine,,Senegal,Western Africa,Index,M,,,
ap.per.00204,Abdelmajid Kaouah,,Kaouah,Abdelmajib,,Algeria,Northern Africa,Anthology,,,,
ap.per.00238,Abdul Karim,*,Karim,Abdul,,Egypt,Northern Africa,Index,,,,
ap.per.00175,Nyachiro Lydia Kasese,,Kasese,Nyachiro Lydia,,Tanzania,Eastern Africa,Anthology,F,,,
ap.per.00374,Kat Kol Kes,*,Kes,Kat Kol,Katlego Kai Kolanyane-Kesupile,Botswana,Southern Africa,Index,,,," (verify if book, like TJ says?)"
ap.per.00287,Keorapetse Kgositsile,,Kgositsile,Keorapetse,"William, ""Bra Willie""",South Africa,Southern Africa,Anthology,,,,
ap.per.00377,Sheila Khala,,Khala,Sheila,Nomolanga,Lesotho,Southern Africa,Index,,,,
ap.per.00233,Ehab Khalifa,*,Khalifa,Ehab,Mahmoud,Egypt,Northern Africa,Index,,,,
ap.per.00205,Amin Khan,,Khan,Amin,,Algeria,Northern Africa,Anthology,,,,
ap.per.00353,Mbongeni Khumalo,*,Khumalo,Mbongeni,,South Africa,Southern Africa,Index,,,,
ap.per.00183,Melissa Kiguwa,*,Kiguwa,Melissa,,Uganda,Eastern Africa,Index,F,,,
ap.per.00155,Maina wa Kinyatti,*,Kinyatti,Maina,,Kenya,Eastern Africa,Index,M,,,
ap.per.00024,Bongasu Tanla Kishani,*,Kishani,Bongasu Tanla,,Cameroon,Middle Africa,Index,M,,,
ap.per.00284,Ingrid de Kok,,Kok,Ingrid de,,South Africa,Southern Africa,Anthology,,,,
ap.per.00025,Sim Kombem,*,Kombem,Sim,,Cameroon,Middle Africa,Index,M,,,
ap.per.00026,Buma Kor,*,Kor,Buma,,Cameroon,Middle Africa,Index,M,,,
ap.per.00289,Rustum Kozain,,Kozain,Rustum,,South Africa,Southern Africa,Anthology,,,,
ap.per.00283,Antjie Krog,,Krog,Antjie,,South Africa,Southern Africa,Anthology,,,,
ap.per.00332,Mazisi Kunene,*,Kunene,Mazisi,Raymond,South Africa,Southern Africa,Index,,,,
ap.per.00103,Dannabang Kuwabong,,Kuwabong,Dannabang,,Ghana,Western Africa,Anthology,M,,,
ap.per.00027,Monique Kwachou,*,Kwachou,Monique,,Cameroon,Middle Africa,Index,F,,,
ap.per.00246,Abdellatif Laâbi,,Laâbi,Abdellatif,,Morocco,Northern Africa,Anthology,,,,
ap.per.00202,Abdelhamid Laghouati,,Laghouati,Abdelhamid,,Algeria,Northern Africa,Anthology,,,,
ap.per.00107,Kojo Laing,,Laing,Kojo,Bernard,Ghana,Western Africa,Anthology,M,,,
ap.per.00249,Wafa’a Lamrani ,*,Lamrani,Wafa'a,,Morocco,Northern Africa,Index,,,,
ap.per.00028,Irmagard Anchang Langmia,*,Langmia,Irmagard Anchang,,Cameroon,Middle Africa,Index,F,,,
ap.per.00009,Alda Lara,,Lara,Alda,Alda Ferreira Pires Barreto de Lara Albuquerque,Angola,Middle Africa,Index,F,,,
ap.per.00254,Emmanuel Laugier,*,Laugier,Emmanuel,,Morocco,Northern Africa,Index,,,,
ap.per.00049,Juan Tomás Ávila Laurel,,Ávila Laurel,Juan Tomás  ,,"Congo, Democratic Republic Of",Middle Africa,Anthology,M,,,
ap.per.00168,Ana Mafalda Leite,,Leite,Ana Mafalda,,Mozambique,Eastern Africa,Anthology,F,,,
ap.per.00143,Liyou Libsekal,,Libsekal,Liyou,,Ethiopia,Eastern Africa,Anthology,F,,,
ap.per.00005,Maria Eugénia Lima,,Lima,Maria Eugénia,,Angola,Middle Africa,Anthology,F,,,
ap.per.00053,Lokangaka Losambe,*,Losambe,Lokangaka,,"Congo, Democratic Republic Of",Middle Africa,Index,M,,,
ap.per.00044,Jean-Baptiste Tati Loutard,,Tati Loutard,Jean-Baptiste,,Congo (Brazzaville),Middle Africa,Index,M,,,
ap.per.00002,Amy Lukau,,Lukau,Amy,,Angola,Middle Africa,Anthology,F,,http://viaf.org/viaf/316802226,
ap.per.00043,Alain Mabanckou,,Mabanckou,Alain,,Congo (Brazzaville),Middle Africa,Index,M,,,
ap.per.00190,Ignatius T Mabasa,,Mabasa,Ignatius T,Tirivangani,Zimbabwe,Eastern Africa,Anthology,M,,,
ap.per.00378,Refiloe Mabejane,,Mabejane,Refiloe,Letokoto,Lesotho,Southern Africa,Index,,,,"has a book ""Strawberry Lips"" (female poet from Lesotho)"
ap.per.00153,Marjorie Oludhe MacGoye,*,MacGoye,Marjorie Oludhe,Marjorie Phyllis King,Kenya,Eastern Africa,Index,F,,,
ap.per.00030,Mwalimu Johnnie MacViban,*,MacViban,Mwalimu,Johnnie,Cameroon,Middle Africa,Index,M,,,
ap.per.00247,Rachida Madani ,,Madani,Rachida,,Morocco,Northern Africa,Anthology,,,,
ap.per.00375,Pinkie Mekgwe-Magocha,*,Mekgwe,Pinkie,Magocha,Botswana,Southern Africa,Index,,,,
ap.per.00241,Fatima Mahmoud,,Mahmoud,Fatima,,Libya,Northern Africa,Anthology,,,,
ap.per.00323,Mzi Mahola,*,Mahola,Mzi,Mzikayise Winston,South Africa,Southern Africa,Index,,,,
ap.per.00258,Touria Majdouline,*,Majdouline,Touria,,Morocco,Northern Africa,Index,,,,
ap.per.00267,Ben Younes Majen,*,Majen,Ben Younes,,Morocco,Northern Africa,Index,,,,
ap.per.00006,Mawete Makisosila ,,Makisosila,Mawete,,Angola,Middle Africa,Index,M,,http://viaf.org/viaf/54250626,
ap.per.00179,Nick Makoha,,Makoha,Nick,,Uganda,Eastern Africa,Anthology,M,,,
ap.per.00039,Bamboté Makombo,*,Makombo,Bamboté,,Central Africa,Middle Africa,Index,M,,,
ap.per.00034,Juliana Makuchi Nfah-Abbenyi (Makuchi),*,Makuchi,Juliana Nfah-Abbenyi,,Cameroon,Middle Africa,Index,F,,,
ap.per.00328,Lucas Malan,*,Malan,Lucas,Cornelius,South Africa,Southern Africa,Index,,,,
ap.per.00372,Albert Malikongwa,*,Malikongwa,Albert,G. T. K. ,Botswana,Southern Africa,Index,,,,
ap.per.00291,Vuyelwa Maluleke,,Maluleke,Vuyelwa,,South Africa,Southern Africa,Anthology,,,,
ap.per.00129,Thierry Manirambona,*,Manirambona,Thierry,,Burundi,Eastern Africa,Index,M,,,
ap.per.00331,Chris Mann,*,Mann,Chris,Christopher Michael Zithulele,South Africa,Southern Africa,Index,,,,
ap.per.00225,Ali Mansour ,*,Mansour,Ali,,Egypt,Northern Africa,Index,,,,
ap.per.00159,Jack Mapanje,,Mapanje,Jack,John Alfred Clement,Malawi,Eastern Africa,Anthology,M,,,
ap.per.00317,Danie Marais,*,Marais,Danie,,South Africa,Southern Africa,Index,,,,
ap.per.00326,Loftus Marais,*,Marais,Loftus,Lodewikus Stefanus,South Africa,Southern Africa,Index,,,,
ap.per.00007,Makuzayi Masaki,,Masaki,Makuzayi,Makuzaki?,Angola,Middle Africa,Index,M,,,
ap.per.00354,Lebo Mashile,*,Mashile,Lebo,,South Africa,Southern Africa,Index,,,,
ap.per.00376,Rethabile Masilo,,Masilo,Rethabile,,Lesotho,Southern Africa,Anthology,,,,
ap.per.00345,Dawn Mattera,*,Mattera,Dawn,,South Africa,Southern Africa,Index,,,,research more (via Tsitsi)
ap.per.00164,Edouard Maunick,,Maunick,Edouard,,Mauritius,Eastern Africa,Anthology,M,,,
ap.per.00149,Ngwatilo Mawiyoo,,Mawiyoo,Ngwatilo,,Kenya,Eastern Africa,Anthology,F,,,
ap.per.00018,Margaret Mbah,*,Mbah,Margaret,Afuh,Cameroon,Middle Africa,Index,F,,,
ap.per.00321,Bongekile Joyce Mbangjwa,*,Mbangjwa,Bongekile Joyce,,South Africa,Southern Africa,Index,,,,
ap.per.00031,Mbuh Tennu Mbuh ,*,Mbuh,Mbuh Tennu,,Cameroon,Middle Africa,Index,M,,,
ap.per.00350,Michelle McGrane,*,McGrane,Michelle,,South Africa,Southern Africa,Index,,,,
ap.per.00217,Iman Mersal,,Mersal,Iman,,Egypt,Northern Africa,Anthology,,,,
ap.per.00300,Joan Metelerkamp,,Metelerkamp,Joan,,South Africa,Southern Africa,Anthology,,,,
ap.per.00224,Mohamed Metwalli,*,Metwalli,Mohamed,,Egypt,Northern Africa,Index,,,,
ap.per.00324,Nontsizi Mgqwetho,*,Mgqwetho,Nontsizi,,South Africa,Southern Africa,Index,,,,
ap.per.00315,Gcina Mhlophe,*,Mhlophe,Gcina,,South Africa,Southern Africa,Index,,,,
ap.per.00351,Amitabh Mitra,*,Mitra,Amitabh,,South Africa,Southern Africa,Index,,,,
ap.per.00319,Zolani Mkiva,*,Mkiva,Zolani,,South Africa,Southern Africa,Index,,,,
ap.per.00373,Rogoff Modise ,*,Modise,Rogoff,,Botswana,Southern Africa,Index,,,,
ap.per.00384,Keamogetsi J. Molapong,*,Molapong,Keamogetsi J.,Joseph,Namibia,Southern Africa,Index,,,,
ap.per.00299,Kobus Moolman,,Moolman,Kobus,,South Africa,Southern Africa,Anthology,,,,
ap.per.00259,Fatiha Morchid,*,Morchid,Fatiha,,Morocco,Northern Africa,Index,,,,
ap.per.00305,croc E moses,*,moses,Croc,,South Africa,Southern Africa,Index,,,,
ap.per.00309,Isabella Motadinyane,*,Motadinyane,Isabella,,South Africa,Southern Africa,Index,,,, (maybe?): Touting Taxi
ap.per.00296,Seitlhamo Motsapi,,Motsapi,Seithamo,,South Africa,Southern Africa,Anthology,,,,
ap.per.00268,Abdelilah Mouissi,*,Mouissi,Abdelilah,,Morocco,Northern Africa,Index,,,,
ap.per.00276,Amel Moussa,,Moussa,Amel,,Tunisia,Northern Africa,Anthology,,,,
ap.per.00359,Phaswane Mpe,*,Mpe,Phaswane,,South Africa,Southern Africa,Index,,,,
ap.per.00162,Lupenga Mphande,*,Mphande,Lupenga,,Malawi,Eastern Africa,Index,M,,,
ap.per.00335,Mbuyiseni Oswald Mtshali,*,Mtshali,Mbuyiseni,,South Africa,Southern Africa,Index,,,,
ap.per.00156,Micere Githae Mugo,*,Mugo,Micere Githae,,Kenya,Eastern Africa,Index,F,,,
ap.per.00313,Nick Mulgrew,*,Mulgrew,Nick,,South Africa,Southern Africa,Index,,,,
ap.per.00361,Ike Mboneni Mulia,*,Mulia,Ike Mboneni,,South Africa,Southern Africa,Index,,,,
ap.per.00318,Petra Muller,*,Muller,Petra,,South Africa,Southern Africa,Index,,,,
ap.per.00368,Sally-Ann Murray,*,Murray,Sally-Ann,,South Africa,Southern Africa,Index,,,,
ap.per.00191,Blessing Musariri,,Musariri,Blessing,,Zimbabwe,Eastern Africa,Anthology,F,,,
ap.per.00177,Sandra A Mushi,*,Mushi,Sandra A,Aikaruwa,Tanzania,Eastern Africa,Index,F,,,
ap.per.00158,Phyllis Muthoni,*,Muthoni,Phyllis,,Kenya,Eastern Africa,Index,F,,,
ap.per.00033,Ba’Bila Mutia,*,Mutia,Ba'Bila,,Cameroon,Middle Africa,Index,M,,,
ap.per.00040,Nkulu-N’Sengha Mutombo,*,Mutombo,Nkulu-N'Sengha,,The Congo,Middle Africa,Index,M,,,
ap.per.00240,Khaled Muttawa,,Muttawa,Khaled,,Libya,Northern Africa,Anthology,,,,
ap.per.00193,Togara Muzanenhamo,,Muzanenhamo,Togara,,Zimbabwe,Eastern Africa,Anthology,M,,,
ap.per.00220,Fatima Naaot,,Naaot,Fatima,,Egypt,Northern Africa,Anthology,,,,
ap.per.00278,Khaled Najar,*,Najar,Khaled,,Tunisia,Northern Africa,Index,,,,
ap.per.00250,Hassan Najmi,*,Najmi,Hassan,,Morocco,Northern Africa,Index,,,,—maybe “The War” with benefit of doubt
ap.per.00379,Mvula ya Nangolo,*,Nangolo,Mvula,,Namibia,Southern Africa,Index,,,,
ap.per.00056,Ciriaco Bokesa Napo,*,Napo,Ciriaco Bokesa,,"Congo, Democratic Republic Of",Middle Africa,Index,M,,,
ap.per.00341,Charl-Pierre Naude,*,Naude,Charl-Pierre,,South Africa,Southern Africa,Index,,,,
ap.per.00073,Uche Nduka,,Nduka,Uche,,Nigeria,Western Africa,Anthology,M,,,
ap.per.00211,Samira Negrouche,*,Negrouche,Samira,,Algeria,Northern Africa,Index,,,,"doublecheck (w JohnK, Major will research)"
ap.per.00032,Frida Menkan Mbunda-Nekang,*,Menkan-Mbunda,Frida Nekang,,Cameroon,Middle Africa,Index,F,,,
ap.per.00333,Gert Vlok Nel,*,Nel,Gert Vlok,,South Africa,Southern Africa,Index,,,,
ap.per.00016,Patrice Nganang,,Nganang,Patrice,,Cameroon,Middle Africa,Anthology,M,,,
ap.per.00035,John Ngong Kum Ngong,*,Ngong,John Ngong Kum,,Cameroon,Middle Africa,Index,M,,,
ap.per.00152,Mukoma wa Ngugi,,Ngugi,Mukoma wa,,Kenya,Eastern Africa,Anthology,M,,,
ap.per.00364,Siphiwe ka Ngwenya,*,Ngwenya,Siphiwe,,South Africa,Southern Africa,Index,,,,
ap.per.00337,Marlene van Niekerk,*,Niekerk,Marlene,,South Africa,Southern Africa,Index,,,,
ap.per.00148,Esther Nirina,*,Nirina,Esther,,Kenya,Eastern Africa,Anthology,F,,, (if no suitable poem found for anthology)
ap.per.00251,Mostafa Nissabouri,*,Nissabouri,Mostafa,,Morocco,Northern Africa,Index,,,,
ap.per.00036,Marcel Njanke,*,Njanke,Marcel,,Cameroon,Middle Africa,Index,M,,,
ap.per.00048,Mutombo Nkulu,,Nkulu,Mutombo,,"Congo, Democratic Republic Of",Middle Africa,Anthology,M,,,
ap.per.00070,amu nnadi,,nnadi,Amu,,Nigeria,Western Africa,Anthology,M,,,
ap.per.00181,Beverley Nambozo Nsengiynva,,Nsengiynva,Beverley Nambozo,,Uganda,Eastern Africa,Anthology,F,,,
ap.per.00071,Obi Nwakanma,,Nwakanma,Obi,,Nigeria,Western Africa,Anthology,M,,,
ap.per.00185,Freedom Nyamubaya,,Nyamubaya,Freedom,,Zimbabwe,Eastern Africa,Anthology,F,,,
ap.per.00194,Albert Nyathi,,Nyathi,Albert,,Zimbabwe,Eastern Africa,Anthology,M,,,
ap.per.00298,Mxolisi Nyezwa,,Nyezwa,Mxolisi,,South Africa,Southern Africa,Anthology,,,,
ap.per.00085,Obiwu,*,Obiwu,Obiwu,,Nigeria,Western Africa,Index,M,,,
ap.per.00084,Olu Oguibe,*,Oguibe,Olu,,Nigeria,Western Africa,Index,M,,,
ap.per.00082,Tolu Ogunlesi,*,Ogunlesi,Tolu,,Nigeria,Western Africa,Index,M,,,
ap.per.00067,Tanure Ojaide,,Ojaide,Tanure,,Nigeria,Western Africa,Anthology,M,,,
ap.per.00109,Atukwei Okai,*,Okai,Atukwei,,Ghana,Western Africa,Index,M,,,
ap.per.00078,Gabriel Okara,,Okara,Gabriel,,Nigeria,Western Africa,Anthology,M,,,
ap.per.00090,Niran Okewole,*,Okewole,Niran,,Nigeria,Western Africa,Index,M,,,
ap.per.00089,Ben Okri,*,Okri,Ben,,Nigeria,Western Africa,Index,M,,,
ap.per.00106,Kwadwo Opoku-Agyemang,,Opoku-Agyemang,Kwadwo,,Ghana,Western Africa,Anthology,M,,,
ap.per.00080,Romeo Oriogun ,,Oriogun,Romeo,,Nigeria,Western Africa,Anthology,M,,,(chapbook pending??)
ap.per.00171,Ladan Osman,,Osman,Ladan,,Somalia,Eastern Africa,Anthology,F,,,
ap.per.00065,Niyi Osundare,,Osundare,Niyi,,Nigeria,Western Africa,Anthology,M,,,
ap.per.00068,Nduka Otiono,,Otiono,Nduka,,Nigeria,Western Africa,Anthology,M,,,
ap.per.00265,Hassan El Ouzzani,*,Ouzzani,Hassan,,Morocco,Northern Africa,Index,,,,
ap.per.00083,Femi Oyebode,*,Oyebode,Femi,,Nigeria,Western Africa,Index,M,,,
ap.per.00362,Donald Parenzee,*,Parenzee,Donald,,South Africa,Southern Africa,Index,,,,
ap.per.00100,Nii Parkes,,Parkes,Nii,,Ghana,Western Africa,Anthology,M,,,
ap.per.00157,Stephen Derwent Partington,*,Partington,Stephen Derwent,,Kenya,Eastern Africa,Index,M,,,
ap.per.00151,Shalija Patel,,Patel,Shalija,,Kenya,Eastern Africa,Anthology,F,,,
ap.per.00358,Amira Patel,*,Patel,Amira,,South Africa,Southern Africa,Index,,,,
ap.per.00008,Joao Pedro,,Pedro,Joao,,Angola,Middle Africa,Index,M,,,
ap.per.00327,H.J. Pieterse,*,Pieterse,H.J.,,South Africa,Southern Africa,Index,,,,
ap.per.00352,Cosmo Pieterse,*,Pieterse,Cosmo,,South Africa,Southern Africa,Index,,,,
ap.per.00057,No Poet,,No Poets,,,Gabon,Middle Africa,None,,,,
ap.per.00058,No Poets,,No Poets,,,Equatorial Guinea,Middle Africa,None,,,,
ap.per.00122,No Poets,,No Poets,,,Benin,Western Africa,,,,,
ap.per.00123,No Poets,,No Poets,,,Burkina Faso,Western Africa,,,,,
ap.per.00124,No Poets,,No Poets,,,Guinea-Bissau,Western Africa,,,,,
ap.per.00125,No Poets,,No Poets,,,Mali,Western Africa,,,,,
ap.per.00126,No Poets,,No Poets,,,Mauritania,Western Africa,,,,,
ap.per.00127,No Poets,,No Poets,,,Togo,Western Africa,,,,,
ap.per.00128,No Poets,,No Poets,,,Saint Helena,Western Africa,,,,,
ap.per.00199,No Poets,,No Poets,,,Reunion,Eastern Africa,,,,,
ap.per.00200,No Poets,,No Poets,,,Rwanda,Eastern Africa,,,,,
ap.per.00201,No Poets,,No Poets,,,Seychelles,Eastern Africa,,,,,
ap.per.00385,No Poets,,No Poets,,,Swaziland,Southern Africa,Index,,,,
ap.per.00297,Karen Press,,Press,Karen,,South Africa,Southern Africa,Anthology,,,,
ap.per.00272,Al-Saddiq Al-Raddi,,Raddi,Al-Saddiq,,Sudan,Northern Africa,Anthology,,,,
ap.per.00069,Remi Raji,,Raji,Remi,,Nigeria,Western Africa,Anthology,M,,,
ap.per.00230,Youssef Rakha,*,Rakha,Youssef,,Egypt,Northern Africa,Index,,,,
ap.per.00311,Lesego Rampolokeng ,*,Rampolokeng,Lesego,,South Africa,Southern Africa,Index,,,,~~ need to find something else
ap.per.00003,Jofre Rocha,,Rocha,Jofre,,Angola,Middle Africa,Anthology,M,,http://viaf.org/viaf/118911190,
ap.per.00196,Kristina Runganyo,*,Runganyo,Kristina,,Zimbabwe,Eastern Africa,Index,F,,,
ap.per.00215,Maher Sabry,,Sabry,Maher,,Egypt,Northern Africa,Anthology,,,,
ap.per.00277,Amina Said,,Said,Amina,,Tunisia,Northern Africa,Anthology,,,,
ap.per.00355,Arja Salafranca,*,Salafranca,Arja,,South Africa,Southern Africa,Index,,,,
ap.per.00269,Abdel-ilah Salhi,*,Salhi,Abdel-ilah,,Morocco,Northern Africa,Index,,,,
ap.per.00117,Thierno Seydou Sall,*,Sall,Thierno Seydou,,Senegal,Western Africa,Index,M,,,
ap.per.00112,Tijan M. Sallah,,Sallah,Tijan,,The Gambia,Western Africa,Anthology,M,,,
ap.per.00050,Alda do Espirito Santo,,Santo,Alda do Espirito,,"Congo, Democratic Republic Of",Middle Africa,Anthology,F,,,
ap.per.00371,Barolong Seboni ,*,Seboni,Barolong,,Botswana,Southern Africa,Index,,,,(poem in penguin modern anthology)
ap.per.00208,Mohamed Sehaba,*,Sehaba,Mohamed,,Algeria,Northern Africa,Index,,,,
ap.per.00343,Sydney Sipho Sepamla,*,Sepamla,Sydney Sipho,,South Africa,Southern Africa,Index,,,,
ap.per.00312,Mongane Wally Serote,*,Serote,Mongane Wally,,South Africa,Southern Africa,Index,,,,
ap.per.00114,Kadija Sesay,*,Sesay,Kadija,,Sierra Leone,Western Africa,Index,F,,,
ap.per.00144,Bewketu Seyoum,,Seyoum,Bewketu,,Ethiopia,Eastern Africa,Index,M,,, (maybe)
ap.per.00221,Ahmed al-Shahawi,,Shahawi,Ahmed,,Egypt,Northern Africa,Anthology,,,,
ap.per.00222,Mahmoud Sharaf,*,Sharaf,Mahmoud,,Egypt,Northern Africa,Index,,,,
ap.per.00235,Hatham El-Shawwaf,*,Shawwaf,Hatham,,Egypt,Northern Africa,Index,,,,
ap.per.00142,Mahtem Shiferraw,,Shiferraw,Mahtem,,Ethiopia,Eastern Africa,Anthology,F,,,
ap.per.00173,Warsan Shire ,,Shire,Warsan,,Somalia,Eastern Africa,Anthology,F,,,
ap.per.00081,Lola Shoneyin,*,Shoneyin,Lola,,Nigeria,Western Africa,Index,F,,,
ap.per.00234,Guirguis Shoukry,*,Shoukry,Guirguis,,Egypt,Northern Africa,Index,,,,
ap.per.00214,Mas’oud Shouman,,Shouman,Mas'oud,,Egypt,Northern Africa,Anthology,,,,
ap.per.00135,Ribka Sibhatu,,Sibhatu,Ribka,,Eritrea,Eastern Africa,Anthology,F,,,
ap.per.00197,Emmanuel Sigauke,*,Sigauke,Emmanuel,,Zimbabwe,Eastern Africa,Index,M,,,
ap.per.00119,Tome Varela da Silva,*,da Silva,Tome Varela,,Cape Verde,Western Africa,Index,M,,,
ap.per.00046,Theirry Sinda,*,Sinda,Theirry,,Congo (Brazzaville),Middle Africa,Index,M,,,
ap.per.00329,Adam Small,*,Small,Adam,,South Africa,Southern Africa,Index,,,,
ap.per.00286,Kelwyn Sole,,Sole,Kelwyn,,South Africa,Southern Africa,Anthology,,,,
ap.per.00169,Noemia de Sousa,,Sousa,Noemia,,Mozambique,Eastern Africa,Anthology,F,Girls from the Docks,,
ap.per.00064,Wole Soyinka,+,Soyinka,Wole,Akinwande Oluwole Babatunde,Nigeria,Western Africa,Anthology,M,,,
ap.per.00293,Wilma Stockenstrom,,Stockenstrom,Wilma,,South Africa,Southern Africa,Anthology,,,,
ap.per.00029,Alain Lawo-Sukam,*,Lawo-Sukam,Alain,,Cameroon,Middle Africa,Index,M,,,
ap.per.00088,EE Sule,*,Sule,EE,,Nigeria,Western Africa,Index,M,,,
ap.per.00270,Abdelkarim Tabbal,*,Tabbal,Abdelkarim,,Morocco,Northern Africa,Index,,,,
ap.per.00093,Veronique Tadjo,,Tadjo,Veronique,,Cote d’Ivoire,Western Africa,Anthology,F,,,
ap.per.00213,Ahmed Taha,,Taha,Ahmed,,Egypt,Northern Africa,Anthology,,,,
ap.per.00037,Matthew Takwi,*,Takwi,Matthew,,Cameroon,Middle Africa,Index,M,,,
ap.per.00260,Mohammed Abu-Talib,*,Abu-Talib,Mohamed,,Morocco,Northern Africa,Index,,,,
ap.per.00167,Habib Tengour,,Tengour,Habib,,Algeria,Northern Africa,Anthology,M,,,
ap.per.00206,Habib Tengour,*,Tengour,Habib,,Algeria,Northern Africa,Index,,,,double check
ap.per.00207,Hamid Tibouchi,*,Tibouchi,Hamib,,Algeria,Northern Africa,Index,,,,
ap.per.00165,Umar Timol,,Timol,Umar,,Mauritius,Eastern Africa,Anthology,M,,,
ap.per.00166,Khal Torabully,,Torabully,Khal,,Mauritius,Eastern Africa,Anthology,M,,,
ap.per.00045,Marie-Leontine Tsibinda ,,Tsibinda,Marie-Leontine,,Congo (Brazzaville),Middle Africa,Index,F,,,
ap.per.00146,Hama Tuma,*,Tuma,Hama,,Ethiopia,Eastern Africa,Index,M,,,
ap.per.00010,Amelia Veiga,,Veiga,Amelia,,Angola,Middle Africa,Index,F,,,
ap.per.00170,Len Verwey,,Verwey,Len,,Mozambique,Eastern Africa,Anthology,M,,,
ap.per.00290,Phillippa yaa de Villiers,,Villiers,Phillippa,,South Africa,Southern Africa,Anthology,,,,
ap.per.00130,Abdourahman Waberi,,Waberi,Abdourahman,,Djibouti,Eastern Africa,Anthology,M,,,
ap.per.00182,Hope Wabuke,,Wabuke,Hope,,Uganda,Eastern Africa,Anthology,F,,,
ap.per.00038,Kangsen Feka Wakai,*,Wakai,Kangsen Feka,,Cameroon,Middle Africa,Index,M,,,
ap.per.00357,Brian Ernest Walter,*,Walter,Brian Ernest,,South Africa,Southern Africa,Index,,,,
ap.per.00382,Christi Warner,*,Warner,Christi,,Namibia,Southern Africa,Index,,,,
ap.per.00252,Mubarak Wassat,*,Wassat,Mubarak,,Morocco,Northern Africa,Index,,,,
ap.per.00292,Stephen Watson,,Watson,Stephen,,South Africa,Southern Africa,Anthology,,,,
ap.per.00092,Oumarou Watta,,Watta,Oumarou,,Niger,Western Africa,Anthology,M,,,
ap.per.00132,Chehem Watta,*,Watta,Chehem,,Djibouti,Eastern Africa,Index,M,,,
ap.per.00004,Ngudia Wendel,,Wendel,Ngudia,,Angola,Middle Africa,Anthology,M,,,
ap.per.00121,Patricia Jabbeh Wesley,,Wesley,Patricia Jabbeh,,Liberia,Western Africa,Anthology,F,,,
ap.per.00304,Athol Williams,*,Williams,Athol,,South Africa,Southern Africa,Index,,,,
ap.per.00111,Lade Worsonu,*,Worsonu,Lade,,zGhana,Western Africa,Index,M,,,
ap.per.00369,Dan Wylie,*,Wylie,Dan,,South Africa,Southern Africa,Index,,,,
ap.per.00303,Makhosazana Xaba,,Xaba,Makhaosazana,,South Africa,Southern Africa,Anthology,,,,
ap.per.00226,Ahmed Yamani,*,Yamani,Ahmed,,Egypt,Northern Africa,Index,,,,
ap.per.00054,Frederick Yamusangie,*,Yamusangie,Frederick,,"Congo, Democratic Republic Of",Middle Africa,Index,M,,,
ap.per.00139,Zeineb Yassin,*,Yassin,Zeineb,,Eritrea,Eastern Africa,Index,F,,,
ap.per.00212,Zahrah Youssri,,Youssri,Zahrah,,Egypt,Northern Africa,Anthology,,,,
ap.per.00219,Maged Zaher,,Zaher,Maged,,Egypt,Northern Africa,Anthology,,,,—need to find something
ap.per.00198,Phillip Zhuwao,*,Zhuwao,Phillip,,Zimbabwe,Eastern Africa,Index,M,,,
ap.per.00189,Musaemura Zimunya,,Zimunya,Musaemura,,Zimbabwe,Eastern Africa,Anthology,M,,,
ap.per.00271,Norddine Zouitni,*,Zouitni,Norddine,,Morocco,Northern Africa,Index,,,,
ap.per.00253,Abdallah Zreka,*,Zreka,Abdallah,,Morocco,Northern Africa,Index,,,,